-- Povoamento com INSERT.

USE MundoSobrio;

-- Inserir dados na tabela Detetive
INSERT INTO Detetive (Nome, DataNascimento, Genero, Status, DataContratacao, Salario)
VALUES 
('Carlos Santos', '1976-03-05', 'M', 'A', '2021-04-23', 2900.00),
('António Rocha', '1977-06-05', 'M', 'A', '2021-04-23', 2800.00),
('Carla Casaca', '1978-11-30', 'F', 'A', '2021-04-23', 2800.00),
('Fernando Pinto', '1979-04-16', 'M', 'A', '2021-09-14', 3100.00),
('Ana Maria', '1982-07-20', 'F', 'A', '2021-10-12', 3100.00),
('Susana Teixeira', '1991-12-15', 'F', 'A', '2021-10-20', 3500.00),
('João Ferreira', '1981-06-18', 'M', 'A', '2021-11-27', 3000.00),
('Mariana Silva', '1985-09-23', 'F', 'A', '2022-03-12', 3200.00),
('Patrícia Silva', '1989-02-25', 'F', 'A', '2022-03-19', 3300.00),
('Luis Correia', '1992-08-30', 'M', 'A', '2022-05-09', 3500.00),
('Jorge Costa', '1980-05-15', 'M', 'A', '2022-06-01', 3000.00),
('Marta Andrade', '1980-05-25', 'F', 'A', '2022-08-21', 2800.00),
('Diana Lopes', '1988-07-14', 'F', 'A', '2022-11-11', 3200.00),
('Nuno Miguel', '1990-02-17', 'M', 'A', '2023-01-08', 3500.00),
('Patrícia Lima', '1987-11-08', 'F', 'A', '2023-06-01', 3400.00),
('Miguel Reis', '1985-08-17', 'M', 'A', '2023-06-15', 3200.00),
('Helena Cruz', '1984-10-21', 'F', 'A', '2023-07-22', 3000.00),
('Paula Moreira', '1989-12-11', 'F', 'A', '2023-09-15', 3300.00),
('Pedro Matos', '1983-09-13', 'M', 'A', '2023-12-19', 3200.00),
('Ricardo Ramos', '1986-01-30', 'M', 'A', '2024-02-18', 2900.00),
('Sofia Costa', '1985-02-22', 'F', 'A', '2024-03-13', 3200.00),
('Clara Sousa', '1981-11-29', 'F', 'A', '2024-04-27', 3000.00),
('José Almeida', '1983-03-27', 'M', 'A', '2024-05-23', 3100.00),
('Raul Vieira', '1982-12-05', 'M', 'A', '2024-06-01', 3100.00);

-- Inserir dados na tabela Supervisao
INSERT INTO Supervisao (Detetive_ID_Supervisiona, Detetive_ID)
VALUES 
(1, 2),
(1, 3),
(2, 4),
(1, 5),
(3, 6),
(2, 7),
(3, 8),
(4, 9),
(5, 10),
(6, 11),
(7, 12),
(8, 13),
(6, 14),
(9, 15),
(4, 16),
(10, 17),
(1, 18),
(2, 19),
(7, 20),
(12, 21),
(14, 22),
(5, 23),
(11, 24);

-- Inserir dados na tabela Caso
INSERT INTO Caso (Descricao, Status, DataAbertura)
VALUES 
('Desmantelamento de rede de tráfico internacional', 'A', '2022-08-06'),
('Prisão de gangue envolvido em tráfico de drogas', 'I', '2022-09-21'),
('Apreensão de drogas em aeroporto', 'I', '2022-10-17'),
('Operação contra tráfico de crack', 'I', '2022-11-10'),
('Desmantelamento de ponto de venda de drogas', 'I', '2022-12-19'),
('Tráfico de cocaina', 'I', '2023-01-15'),
('Tráfico de heroína', 'I', '2023-02-20'),
('Tráfico de MD', 'I', '2023-03-05'),
('Tráfico de cocaína em grande escala', 'A', '2023-03-10'),
('Tráfico de metanfetaminas', 'I', '2023-04-12'),
('Operação contra tráfico de drogas sintéticas', 'I', '2023-05-07'),
('Apreensão de grande quantidade de heroína', 'I', '2023-06-20'),
('Desmantelamento de rede de tráfico de cocaína', 'A', '2023-07-14'),
('Prisão de líder de cartel de drogas', 'A', '2023-08-01'),
('Investigação sobre tráfico de MDMA', 'A', '2023-09-25'),
('Tráfico de drogas em festa rave', 'I', '2023-10-11'),
('Operação contra tráfico de haxixe', 'I', '2023-11-05'),
('Desmantelamento de laboratório de drogas', 'I', '2023-12-15'),
('Apreensão de drogas em porto marítimo', 'I', '2024-01-08'),
('Tráfico de ecstasy em boates', 'A', '2024-02-14'),
('Tráfico de LSD em universidades', 'A', '2024-03-20'),
('Operação conjunta contra tráfico de drogas', 'A', '2024-04-28'),
('Investigação sobre venda de drogas online', 'A', '2024-05-12');

-- Inserir dados na tabela Investiga
INSERT INTO Investiga (Detetive_ID, Caso_Id)
VALUES 
(1, 1),
(2, 2),
(3, 3),
(4, 1),
(2, 4),
(5, 4),
(3, 5),
(6, 5),
(4, 6),
(7, 6),
(8, 7),
(9, 8),
(10, 9),
(11, 10),
(12, 11),
(13, 12),
(14, 13),
(15, 14),
(16, 15),
(17, 16),
(18, 17),
(19, 18),
(20, 19),
(1, 20),
(2, 20);

-- Inserir dados na tabela Suspeito
INSERT INTO Suspeito (Nome, DataNascimento, Genero, NivelEnvolvimento, Status, HistoricoCriminal, Rua, CodPostal, Localidade)
VALUES 
('Pedro Alvares', '1975-07-25', 'M', 'Suspeito', 'A', 'Tráfico de MD em 2010', 'Rua A', '1234-567', 'Lisboa'),
('Ana Ribeiro', '1982-08-30', 'F', 'Acusado', 'A', 'Tráfico de Erva em 2015', 'Rua B', '2345-678', 'Porto'),
('Nuno Nogueira', '1990-03-12', 'M', 'Condenado', 'A', '', 'Rua C', '3456-789', 'Coimbra'),
('Joaquim Rodrigues', '1970-01-01', 'M', 'Suspeito', 'A', 'Tráfico de heroína em 2000', 'Rua D', '1234-123', 'Braga'),
('Teresa Alves', '1983-07-19', 'F', 'Acusado', 'A', 'Tráfico de cocaína em 2017', 'Rua E', '2345-234', 'Faro'),
('Miguel Fernandes', '1979-04-15', 'M', 'Condenado', 'A', 'Tráfico de metanfetaminas em 2005', 'Rua F', '3456-345', 'Évora'),
('Sara Carvalho', '1992-10-23', 'F', 'Suspeito', 'A', 'Tráfico de drogas sintéticas em 2018', 'Rua G', '4567-456', 'Leiria'),
('Rui Martins', '1980-03-14', 'M', 'Acusado', 'A', 'Tráfico de haxixe em 2012', 'Rua H', '5678-567', 'Setúbal'),
('Paula Oliveira', '1975-12-22', 'F', 'Condenado', 'A', 'Tráfico de MDMA em 2001', 'Rua I', '6789-678', 'Aveiro'),
('José Neves', '1986-11-11', 'M', 'Suspeito', 'A', 'Tráfico de cocaína em 2019', 'Rua J', '7890-789', 'Viseu'),
('Helena Gomes', '1990-06-06', 'F', 'Acusado', 'A', 'Tráfico de LSD em 2014', 'Rua K', '8901-890', 'Guarda'),
('Carlos Costa', '1984-05-21', 'M', 'Condenado', 'A', 'Tráfico de ecstasy em 2008', 'Rua L', '9012-901', 'Beja'),
('Maria Lemos', '1988-09-09', 'F', 'Suspeito', 'A', '', 'Rua M', '0123-012', 'Bragança'),
('Luís Marques', '1977-01-30', 'M', 'Acusado', 'A', 'Tráfico de drogas sintéticas em 2003', 'Rua N', '1234-123', 'Lisboa'),
('Ana Freitas', '1991-04-17', 'F', 'Condenado', 'A', 'Tráfico de metanfetaminas em 2010', 'Rua O', '2345-234', 'Porto'),
('Manuel Cruz', '1982-08-08', 'M', 'Suspeito', 'A', 'Tráfico de cocaína em 2011', 'Rua P', '3456-345', 'Coimbra'),
('Inês Ramos', '1985-11-30', 'F', 'Acusado', 'A', 'Tráfico de heroína em 2015', 'Rua Q', '4567-456', 'Funchal'),
('Ricardo Silva', '1978-02-14', 'M', 'Condenado', 'A', 'Tráfico de haxixe em 2000', 'Rua R', '5678-567', 'Ponta Delgada'),
('Sofia Nunes', '1987-12-12', 'F', 'Suspeito', 'A', '', 'Rua S', '6789-678', 'Viana do Castelo'),
('Vítor Sousa', '1981-06-25', 'M', 'Acusado', 'A', 'Tráfico de LSD em 2007', 'Rua T', '7890-789', 'Lamego'),
('Carla Mendes', '1993-05-02', 'F', 'Condenado', 'A', 'Tráfico de ecstasy em 2014', 'Rua U', '8901-890', 'Guimarães'),
('André Borges', '1984-03-09', 'M', 'Suspeito', 'A', 'Tráfico de crack em 2017', 'Rua V', '9012-901', 'Sintra'),
('Cláudia Correia', '1990-09-23', 'F', 'Acusado', 'A', 'Tráfico de metanfetaminas em 2012', 'Rua W', '0123-012', 'Évora');


-- Inserir dados na tabela Contactos_Suspeito
INSERT INTO Contactos_Suspeito (Suspeito_ID, Contactos)
VALUES 
(1, '912345678'),
(1, 'pedroalvares@sapo.pt'),
(2, '923456789'),
(3, '934567890'),
(4, '945612345'),
(5, '956723456'),
(6, '967834567'),
(7, '978945678'),
(8, '989056789'),
(9, '990167890'),
(10, '991278901'),
(11, '992389012'),
(12, '993490123'),
(13, '994501234'),
(14, '995612345'),
(15, '996723456'),
(16, '997834567'),
(17, '998945678'),
(18, '999056789'),
(19, '910167890'),
(20, '911278901'),
(21, '912389012'),
(22, '913490123'),
(23, '914501234');

-- Inserir dados na tabela Testemunha
INSERT INTO Testemunha (Nome, DataNascimento, Genero, Relato)
VALUES 
('Luís Almeida', '1988-11-11', 'M', 'Viu o suspeito a fugir da cena.'),
('Carla Figueiredo', '1992-05-19', 'F', 'Estava presente no local na hora do crime.'),
('Rui Moreira', '1979-02-23', 'M', 'Ouvi discução da transação.'),
('José Lopes', '1982-03-15', 'M', 'Viu o suspeito a negociar drogas.'),
('Patrícia Ferreira', '1990-07-19', 'F', 'Ouviu uma discussão sobre a venda de drogas.'),
('Ricardo Gonçalves', '1976-12-03', 'M', 'Viu a transação de drogas.'),
('Sandra Almeida', '1984-08-24', 'F', 'Viu o suspeito a fugir da polícia.'),
('António Cardoso', '1989-10-12', 'M', 'Ouviu o suspeito a falar sobre drogas.'),
('Carla Santos', '1977-09-09', 'F', 'Estava presente no local do crime.'),
('Mário Fernandes', '1986-05-17', 'M', 'Viu o suspeito a passar um pacote suspeito.'),
('Ana Martins', '1991-11-25', 'F', 'Ouviu uma discussão sobre uma venda de drogas.'),
('Pedro Alves', '1983-06-30', 'M', 'Viu o suspeito a esconder algo.'),
('Sofia Mendes', '1992-02-28', 'F', 'Ouviu o suspeito a combinar uma transação.'),
('João Pires', '1980-04-07', 'M', 'Viu o suspeito com um pacote de drogas.'),
('Rita Nogueira', '1978-12-21', 'F', 'Ouviu uma discussão entre suspeitos.'),
('Nuno Teixeira', '1988-01-13', 'M', 'Viu o suspeito a ser abordado pela polícia.'),
('Carla Rodrigues', '1985-07-22', 'F', 'Ouviu o suspeito a discutir um negócio.'),
('Miguel Matos', '1990-09-03', 'M', 'Viu a transação de drogas.'),
('Helena Lopes', '1984-06-16', 'F', 'Viu o suspeito a fugir após a transação.'),
('Vasco Pereira', '1979-10-10', 'M', 'Ouviu o suspeito a falar sobre tráfico.'),
('Mariana Gomes', '1993-03-21', 'F', 'Viu o suspeito a entregar drogas.'),
('Tiago Ribeiro', '1981-05-27', 'M', 'Ouviu uma discussão sobre drogas.'),
('Teresa Sousa', '1987-02-14', 'F', 'Viu o suspeito a fugir do local.');

-- Inserir dados na tabela Contactos_Testemunha
INSERT INTO Contactos_Testemunha (Testemunha_ID, Contactos)
VALUES 
(1, '945678901'),
(1, 'luisalmeida88@hotmail.com'),
(2, '956789012'),
(3, '967890123'),
(4, '924512345'),
(5, '935623456'),
(6, '946734567'),
(7, '957845678'),
(8, '968956789'),
(9, '979067890'),
(10, '980178901'),
(11, '991289012'),
(12, '902390123'),
(13, '913401234'),
(14, '924512345'),
(15, '935623456'),
(16, '946734567'),
(17, '957845678'),
(18, '968956789'),
(19, '979067890'),
(20, '980178901'),
(21, '991289012'),
(22, '902390123'),
(23, '913401234');

-- Inserir dados na tabela Testemunhado_Por
INSERT INTO Testemunhado_Por (Caso_Id, Testemunha_Id)
VALUES 
(1, 1),
(2, 19),
(3, 3),
(1, 4),
(2, 5),
(4, 6),
(8, 7),
(3, 8),
(11, 9),
(14, 10),
(20, 11),
(5, 12),
(6, 13),
(5, 14),
(9, 15),
(17, 16),
(13, 17),
(13, 18),
(18, 19),
(21, 20),
(15, 21),
(12, 22),
(21, 23);

-- Inserir dados na tabela Identifica
INSERT INTO Identifica (Testemunha_Id, Suspeito_Id)
VALUES 
(1, 1),
(2, 2),
(3, 3),
(4, 4),
(5, 5),
(6, 6),
(7, 7),
(8, 8),
(9, 9),
(10, 10),
(11, 11),
(12, 12),
(13, 13),
(14, 14),
(15, 15),
(16, 16),
(17, 17),
(18, 18),
(19, 19),
(20, 20),
(21, 21),
(22, 22),
(23, 23);


-- Inserir dados na tabela Envolve_Suspeito
INSERT INTO Envolve_Suspeito (Caso_Id, Suspeito_Id)
VALUES 
(1, 1),
(2, 2),
(3, 3),
(1, 4),
(2, 5),
(3, 6),
(1, 7),
(2, 8),
(3, 9),
(1, 10),
(2, 11),
(3, 12),
(1, 13),
(2, 14),
(3, 15),
(1, 16),
(2, 17),
(3, 18),
(1, 19),
(2, 20),
(3, 21),
(1, 22),
(2, 23);

-- Inserir dados na tabela Droga
INSERT INTO Droga (Nome, Quantidade, DataApreensao, Valor, Origem)
VALUES 
('LSD', 110, '2022-08-12', 4000.00, 'Suíça'),
('Crack', 130, '2022-09-05', 8500.00, 'Venezuela'),
('Ecstasy', 270, '2022-10-15', 11500.00, 'Bélgica'),
('Haxixe', 230, '2022-11-20', 7500.00, 'Nepal'),
('Cocaína', 190, '2022-12-25', 9500.00, 'Peru'),
('Metanfetamina', 200, '2023-01-23', 13000.00, 'Filipinas'),
('Cocaína', 100, '2023-02-01', 5000.00, 'Colômbia'),
('Heroína', 200, '2023-03-15', 10000.00, 'Afeganistão'),
('MD', 200, '2023-03-15', 10000.00, 'Brasil'),
('Erva', 200, '2023-03-15', 10000.00, 'Jamaica'),
('Metanfetamina', 50, '2023-04-10', 7500.00, 'México'),
('LSD', 100, '2023-05-20', 3000.00, 'Estados Unidos'),
('Crack', 150, '2023-06-15', 8000.00, 'Brasil'),
('Ecstasy', 300, '2023-07-22', 12000.00, 'Países Baixos'),
('Haxixe', 250, '2023-08-30', 7000.00, 'Marrocos'),
('Cocaína', 180, '2023-09-05', 9000.00, 'Colômbia'),
('Heroína', 220, '2023-10-12', 11000.00, 'Afeganistão'),
('MDMA', 400, '2023-11-17', 14000.00, 'Alemanha'),
('Erva', 350, '2023-12-25', 10000.00, 'Jamaica'),
('Opio', 120, '2024-01-13', 6000.00, 'Tailândia'),
('Cocaína', 140, '2024-02-20', 7000.00, 'Bolívia'),
('Heroína', 160, '2024-03-27', 8000.00, 'Paquistão'),
('MDMA', 180, '2024-04-15', 9000.00, 'Reino Unido'),
('Erva', 220, '2024-05-18', 11000.00, 'Canadá');

-- Inserir dados na tabela De_Droga
INSERT INTO De_Droga (Suspeito_Id, Droga_Id)
VALUES 
(1, 3),
(2, 4),
(3, 2),
(4, 5),
(5, 6),
(6, 7),
(7, 8),
(8, 9),
(9, 10),
(10, 11),
(11, 12),
(12, 13),
(13, 14),
(14, 15),
(15, 16),
(16, 17),
(17, 18),
(18, 19),
(19, 20),
(20, 1),
(21, 2),
(22, 3),
(23, 4);

-- Inserir dados na tabela Envolve_Droga
INSERT INTO Envolve_Droga (Caso_Id, Droga_Id)
VALUES 
(1, 1),
(2, 2),
(3, 3),
(1, 4),
(2, 5),
(3, 6),
(1, 7),
(2, 8),
(3, 9),
(1, 10),
(2, 11),
(3, 12),
(1, 13),
(2, 14),
(3, 15),
(1, 16),
(2, 17),
(3, 18),
(1, 19),
(2, 20),
(3, 1),
(1, 2),
(2, 3);